fitted,resid
106.74882872765893,-4.885459126452417
104.32852915405068,1.271826480676836
99.48793000683422,-0.7961522555793721
77.30185058209202,3.821325337931583
88.87988408232087,1.107463083042603
86.45958450871262,8.30208101607262
81.61898536149616,3.341338387229058
59.432905936753954,-17.992639624769154
104.67706105104487,-6.4775628799160785
102.25676147743663,3.9541216891184803
97.41616233022016,0.6185836789688182
90.15526360939545,-0.034430795336007236
106.97537299708621,-6.950758639718373
102.78409780107118,-2.2191460351869097
94.40154740904114,-4.538209290628217
81.82772182099605,8.037050628849116
55.98152477890339,5.586158487754481
96.93115994763379,4.651487138660329
92.73988475161876,11.478761581605596
84.35733435958872,-0.22352826109015211
71.78350877154362,-1.0600155494578445
45.93731172945097,-21.653189849535874
112.42433222187056,15.923707572187922
110.00403264826231,2.4057172675121734
105.16343350104584,1.863894082942437
82.97735407630364,-14.320682517565345
101.89471610505908,3.5611870653181654
97.70344090904405,-5.553773134632891
89.320890517014,0.8153515321000953
76.74706492896892,-0.5628895118155555
50.900867886876256,3.129759016262824
85.59121195338787,7.224175711917411
83.17091237977962,2.929549289766868
78.33031323256316,2.2700762644546586
71.06941451173844,-13.438138637029404
56.144233807820974,-9.120186182015615
101.88557396768974,-8.25189003929681
97.69429877167471,1.9726060343206058
89.31174837964467,-5.174861763648025
76.73792279159956,0.3107381848395363
50.89172574950691,16.825215325708832
108.51669543276536,-4.304605409869467
106.09639585915711,1.524708852142254
101.25579671194065,6.200114475515434
93.99489799111592,4.367631351872234
79.06971728719844,-2.1209582711971535
97.59765396563475,0.0520432736612122
93.40637876961972,0.14964113376102262
85.02382837758968,-6.310542076983438
72.4500027895446,1.779395772552661
46.60380574745193,2.6106806858470364
103.05604438426016,9.576768802982215
98.86476918824513,-5.960515445516421
90.4822187962151,0.14216881541410942
77.90839320817001,-9.241218639857578
52.062196166077335,11.31593602765367
98.03043933241429,-9.32775264514413
93.83916413639926,-6.347925129779497
85.45661374436922,1.9218138579518893
72.88278815632411,-0.20450052739579405
47.036591114231456,14.971145037969073
104.83702261869503,0.6248797717774295
92.26319703064996,-5.966797796129953
79.68937144260487,5.764743770907572
53.84317440051221,1.5408936615543354
91.8686150415922,-2.2625218695541776
87.67733984557717,-0.09139861521303771
79.29478945354714,2.263080559902818
66.72096386550203,-0.39839381599676926
40.87476682340938,-4.066231320076554
103.80648517075909,6.336909869651635
99.61520997474406,-0.41389737882646216
91.23265958271404,3.2124097212168863
78.65883399466895,-4.166738116091466
94.17206372585423,-9.425175441897338
91.75176415224598,-2.8566812836834288
86.91116500502952,2.157558477634126
79.65026628420479,7.259315698002922
88.10892497091871,3.182342404421888
85.68862539731046,2.434762906758408
80.848026250094,-7.074096824653225
73.58712752926927,-13.025733721761952
58.661946825351784,8.695826130135337
95.55021900943055,-0.490474449350387
91.35894381341552,-5.865910909499121
82.97639342138548,4.182030496722319
70.40256783334041,-1.7610800402882916
44.556370791247744,4.830722580101565
120.41790761320918,-0.2688536879696244
117.99760803960093,5.957876568192702
113.15700889238447,1.3816989962341495
105.89611017155973,2.558241230686633
90.97092946764225,1.0185790982727951
106.50111658931075,4.56503398530117
102.30984139329573,7.158371531954032
93.92729100126569,-2.849575349297325
81.3534654132206,-6.607107784362597
55.50726837112794,-1.2496831139074516
97.35308220653788,5.845484834570428
93.16180701052285,1.2672944319950261
84.77925661849281,-4.411466156055937
72.20543103044771,-3.194192942770215
88.81859234913266,-5.161628125016222
84.62731715311763,8.328447085760729
76.24476676108759,2.796458350296433
63.670941173042486,-6.175277051715604
37.82474413094983,-9.234860137419947
113.27987859316198,4.98894081627958
110.85957901955373,-3.1213946278120517
106.01897987233727,7.377604080830025
90.21741065659813,2.7148610929539103
86.0261354605831,0.49607630192527097
77.64358506855307,-14.620058555545533
65.06975948050797,5.798156889332489
93.98536554721296,-4.304492111556044
89.79409035119794,-0.2677817517264174
81.4115399591679,-2.1931468770202542
42.99151732903015,4.792837801392075
104.95725092565336,-0.13016035915202906
102.53695135204511,0.9069447670416082
97.69635220482864,-1.6067871847972413
90.4354534840039,4.750553505493173
75.51027278008642,5.318337268994199
101.68795386666092,-1.985446155273138
97.49667867064589,-6.598837567546894
89.11412827861585,-2.256561520512548
76.54030269057077,6.154387176764445
50.694105648478114,3.229488459816629
90.3250002219922,3.5390508666114755
87.90470064838395,-0.9411135151561467
83.06410150116749,-2.3633681374852955
75.80320278034276,-9.790265397357501
108.66437071478326,4.348406390875084
106.24407114117501,7.055396731985226
101.40347199395855,-7.51805730074031
94.14257327313382,-7.73125566248774
105.96107223876004,3.3881041073270666
101.76979704274501,-0.4707354297050159
80.81342106266987,-2.3757406368656717
89.9407027060651,2.3459723068207268
87.52040313245685,-2.5730286586421727
82.67980398524038,-2.9844971889368423
75.41890526441567,-9.176599445026866
60.493724560498194,-3.4944184221766648
80.91247164542791,0.24335139627582691
76.72119644941289,-1.8617130688491983
68.33864605738285,-1.1820429436787094
55.764820469337764,-9.965638292084904
109.40415662311803,3.8808377499392464
106.98385704950978,3.4946754587046627
102.14325790229331,5.311089009245862
79.9571784775511,-7.856881902251473
89.66273992566673,-0.24283172995851032
85.4714647296517,1.5586462655862903
77.08891433762166,6.303687558513417
64.51508874957658,4.573234063590547
38.66889170748391,-9.806035209491025
98.96063348444143,-1.314333770056166
96.54033391083318,-2.0395994225487186
91.69973476361672,-2.871097544443856
84.438836042792,5.8909176564940395
106.34365468734896,5.8084269988148804
103.92335511374071,0.7878207783951297
99.08275596652425,-5.241842310546886
76.89667654178203,2.290651317083956
103.52634273263816,4.255322335668325
101.10604315902991,-4.586642342550235
96.26544401181344,-2.4781494300098075
110.24933425485375,2.0224745249044958
107.8290346812455,3.437875508163799
102.98843553402904,-11.029052572129274
95.7275368132043,6.282542780563389
80.80235610928682,-0.15456744052191596
105.92140521785846,0.49858184013380935
103.50110564425022,-5.412558756921541
98.66050649703375,-0.5190377103127872
76.47442707229155,9.564310697617998
85.56622627272033,2.3603840820624526
81.3749510767053,2.316821958671241
72.99240068467526,-2.732753450515048
60.41857509663018,-1.4157949830690768
34.57237805453752,-6.156108728125652
100.88557397568034,0.9698616790552705
96.69429877966532,3.071264211699088
88.31174838763528,1.1139510071929806
49.89172575749751,-6.905892784270954
106.75225145634101,-3.1782023276029747
102.56097626032599,-1.4978953497368224
81.60460028025086,2.4378347946541794
55.758403238158195,2.980733141144839
99.81036241378335,6.453703664687126
95.61908721776832,2.7344516347670123
87.23653682573828,5.201018078079471
48.81651419560053,-14.152310145338063
99.5327829125861,0.7949113640900265
97.11248333897785,1.6446032977195415
92.27188419176139,5.016239400779327
85.01098547093666,-4.409585688917986
70.08580476701918,-4.3948902091137825
93.59943316929997,-0.32869129424385335
91.17913359569172,5.693258859156799
86.33853444847526,-11.45538157381904
117.4407367374881,-7.789992711397218
113.24946154147307,1.6624284772802156
104.86691114944304,2.538626906053679
92.29308556139796,2.41614836228986
66.4468885193053,4.708830063787019
93.51557035514443,-5.88391073546164
91.09527078153619,-9.772429662317592
86.25467163431972,14.15844379029592
95.90379129760225,-12.92816758513517
93.483491723994,-5.833564145661853
88.64289257677754,4.77929442409102
81.38199385595281,1.0727152232841632
66.45681315203534,14.024656043253188
89.94900693929222,2.799803401804624
87.52870736568397,5.479569874786463
82.6881082184675,-2.161939746567171
60.50202879372531,-17.88461579489539
86.05740718961226,-3.2514769964736274
83.63710761600402,2.1676094249154403
78.79650846878755,1.4220529063107108
71.53560974796282,-9.74433713197584
56.61042904404536,3.2294964747960293
92.77812067469361,-4.222017847026464
90.35782110108536,-0.03920072707281008
78.25632323304416,-1.2568905549042597
104.09397694980515,-1.0832041422535355
101.6736773761969,9.667745226371778
96.83307822898044,1.8322796616703414
89.57217950815571,-8.044613136848739
74.64699880423824,-3.33508118710445
103.7620423413842,3.080756333714163
99.57076714536917,-1.0734721383104358
91.18821675333913,9.51200517581863
78.61439116529404,-7.823654595692275
107.16337800894193,-4.224181673120299
102.9721028129269,0.05691960476721647
94.58955242089687,9.207867947846935
82.0157268328518,4.295115872925422
56.169529790759135,-1.4552829152347329
101.36795900135387,-6.082199682328394
97.17668380533884,-5.468615540041725
88.7941334133088,11.235866934323539
100.54934855257129,1.5416929128974743
98.12904897896304,1.1195996103600407
93.28844983174658,-2.021197487678535
71.10237040700437,-2.781196448748375
105.40514860719945,2.737943846033531
102.9848490335912,3.9515672467109226
98.14424988637474,-1.8959835973109591
90.88335116555002,0.3930238377770223
75.95817046163255,-3.3646988691926083
108.70732821593738,-3.6076126086366997
96.13350262789231,7.434890879950032
93.79881325408765,4.723279854268313
91.3785136804794,-2.5178192536187396
86.53791453326293,-2.3485063334768626
79.27701581243821,-2.4594023302205983
64.35183510852073,-0.2712139904057551
85.75995331722294,-7.3293091586835
83.33965374361469,-0.24460150575553996
78.49905459639822,-0.38741622230912753
71.2381558755735,-2.543745382900866
110.6897904746171,-1.5347670413815848
108.26949090100885,-1.677432941337969
96.16799303296767,5.775268944410527
85.68656932652779,3.8314716251394856
83.26626975291954,3.2453355405818627
71.16477188487835,-3.6425186016038538
56.23959118096088,-14.3142003903627
96.90784753798316,4.254897459726848
94.48754796437491,6.152563097997529
89.64694881715845,2.0313287248500984
82.3860500963337,0.8505040463115847
67.46086939241623,-11.812963400355393
99.53221381886655,-3.9908521600753915
95.34093862285152,-3.021850842830318
86.95838823082148,9.579123839406321
74.38456264277639,-2.2455880635357346
48.53836560068371,3.321929537855887
109.94654497627037,2.904398215196224
102.68564625544566,8.562270290574915
95.42474753462095,-3.656734987728626
80.49956683070347,-3.2653691742587085
95.14925385483454,0.26262304628068023
90.95797865881951,-0.742184440447474
82.57542826678947,0.03087222106289289
70.00160267874439,-0.15105941822926638
44.15540563665173,-0.5094682866063494
96.51741642882828,1.7961104194297093
92.32614123281326,0.6482103536417441
83.94359084078322,-3.9387968711280337
71.36976525273812,-3.2625633163811614
45.523568210645465,8.251998352805444
99.82657967526158,-10.658221120962352
97.40628010165334,-7.353226491909368
92.56568095443687,-0.9356856180080371
85.30478223361214,15.784467260290455
70.37960152969467,4.361503436916337
111.29796529240207,1.4756325690268568
107.10669009638704,4.464358786318144
98.724139704357,-7.461910147097001
86.15031411631192,0.7287065974306586
96.66253394136629,-0.1462010007132477
92.47125874535126,5.560106846413262
84.08870835332122,9.672957859799212
71.51488276527614,-10.57235477325544
99.94865479898473,-3.1284726116580117
97.52835522537649,3.068755402461278
92.68775607816002,8.318997317852492
85.4268573573353,-0.5434233099211667
70.50167665341782,-8.47666620616657
103.68766297417311,2.266969865697206
101.26736340056486,-1.7731866304102795
96.4267642533484,0.37103652159612466
74.24068482860619,0.5359466659433849
92.92475971094355,7.550313730143088
88.73348451492852,3.1113968643348215
80.35093412289848,-0.7823396030674985
67.7771085348534,-12.918054109292989
95.06806502752532,4.31523288738272
92.64776545391707,0.5114198624491451
87.80716630670061,2.364672958841467
80.54626758587588,-0.9031217523351529
65.6210868819584,-5.160656124718059
108.22891590899955,-5.385942726181227
104.03764071298453,-1.2537718744148094
95.65509032095449,7.34950696620443
83.08126473290939,1.0319279906830872
105.37677421032441,-2.0135967247520483
102.95647463671617,-8.832121025393562
98.1158754894997,-4.150853623493845
90.85497676867497,-3.5874726706279603
75.9297960647575,13.226030035405543
99.06490128403205,6.14966740998176
96.6446017104238,3.3431390141766855
91.80400256320733,-2.254743055967083
84.5431038423826,0.371347648370147
69.61792313846513,-4.963294318721665
93.91857073846535,-3.3114502864627013
91.4982711648571,-2.091500684633033
86.65767201764064,5.240983564727983
79.39677329681591,-3.5924809892114524
98.20643488990744,-2.0644429303170853
95.7861353162992,-2.8960758832676277
90.94553616908273,1.8128677422939319
83.68463744825802,1.6712238373865063
116.39502310710486,11.206302826848301
113.97472353349661,-6.784796891207222
109.13412438628015,1.9718246786376454
101.87322566545541,-2.2949781894257626
93.33022661941772,12.123759499622508
90.90992704580947,-7.8318109861106535
86.069327898593,4.911905252703619
78.80842917776826,-12.789766680719467
104.36551260365121,-8.197745253370726
101.94521303004296,0.24267257547739973
97.1046138828265,-1.105573553141781
89.84371516200179,-4.116505916290549
74.91853445808431,12.731793018844584
101.21523024457882,-1.3499621224406013
98.79493067097057,4.672643067191473
93.9543315237541,2.9247275379594555
86.69343280292937,-7.482877968603617
71.76825209901189,1.139517310411648
107.89218251219106,-3.3790576423913024
105.47188293858281,-4.3863622009521634
100.63128379136634,-6.655733988312804
93.3703850705416,10.232116501147033
78.44520436662413,11.02235577013333
84.27035177742425,7.520126900454102
81.850052203816,-11.2684431882535
77.00945305659954,-5.199402493957791
69.7485543357748,-4.203822882589861
91.65240772770494,7.554559716757822
87.46113253168991,8.382731205500363
79.07858213965987,-3.312227048713993
40.65855950952211,-19.334371722642512
97.36850763404533,1.9903526428685296
94.94820806043708,4.687353383424394
90.10760891322062,-5.895841759912841
82.84671019239588,-4.5174525189148085
67.9215294884784,-3.84502059034115
99.12085304663321,-2.907495149054398
94.92957785061819,-1.8227798886750861
86.54702745858815,4.504807681469558
73.97320187054304,-1.1376862571064805
103.98337877849606,6.367780877916303
99.79210358248103,2.608762776351327
91.40955319045099,3.380660713508064
78.8357276024059,1.405654583871808
52.98953056031324,-14.924208774420919
106.58364971174605,11.515019926709229
104.1633501381378,-2.193299734824677
99.32275099092134,8.666222640896947
92.06185227009661,-11.130446830420524
77.13667156617913,-10.791738460871386
104.0003519239826,4.120895545545707
99.80907672796758,0.3194271062701972
91.42652633593754,2.776167264456518
78.85270074789244,1.3797759297926575
53.00650370579978,-8.00775402118871
90.16621767969181,3.379275896578605
87.74591810608356,0.6539505984943474
82.9053189588671,-1.24410381657718
75.64442023804239,-7.07959573047934
60.71923953412491,4.703269206199792
115.85428670809478,4.65141906266922
113.43398713448653,-5.7142792244499105
101.33248926644532,6.503286854902598
105.52810133913022,3.1890606589742987
101.33682614311519,1.6284179848871645
92.95427575108515,-5.476936056138342
80.38045016304005,2.7702347622644083
100.02391465524849,-1.4337870977629308
95.83263945923346,2.808618736429864
87.45008906720342,-5.290834625661816
74.87626347915833,0.4706310742727595
49.03006643706566,8.046487434557193
95.02300010972115,-3.886658581182033
92.6027005361129,-9.32586338238734
87.76210138889644,1.9729634330253845
80.50120266807173,6.168002694146338
65.57602196415425,2.7874677435490582
101.21873068364089,-2.2998586453874026
97.02745548762586,0.36727823140614646
88.64490509559582,4.3891321690431795
76.07107950755073,3.3649324514805983
50.224882465458066,-7.236384650833003
97.3792304246349,2.456643050012403
94.95893085102665,-1.4956223204202104
90.11833170381018,-6.368887130106543
82.85743298298547,-6.981509229481944
67.932252279068,15.243869420457457
100.08546645092049,-3.5599589353899717
95.89419125490546,-5.8897995921599176
87.51164086287542,-0.642457803314727
74.93781527483033,9.41309847688811
93.91851049969097,-7.17327371984814
89.72723530367594,-4.2096572328316455
81.3446849116459,-9.851945588821494
68.77085932360082,11.742531380063355
42.92466228150815,6.865249726965438
115.63620999412893,3.3145802953201127
111.4449347981139,0.2868150846254309
103.06238440608386,8.07341675251945
93.95683348133021,0.33151110923783733
89.76555828531518,-3.0541870358951684
81.38300789328514,-1.5006362052970132
68.80918230524004,-3.1428360828591195
102.50196723406737,-5.690130203381926
100.08166766045912,-1.134098533026176
95.24106851324265,1.612864636390114
87.98016979241793,-2.3325049760716183
73.05498908850045,9.76765353073904
92.5001772490697,6.861540799712671
88.30890205305467,-0.9888052816943684
79.92635166102463,-8.050559910814385
67.35252607297954,-8.595244564967437
110.18146791697319,-0.3289594327294054
107.76116834336494,-1.5601478108182647
102.92056919614848,0.6861627768027603
95.65967047532375,9.00441974152173
80.73448977140627,-0.5492192700172325
98.00652752062018,-9.931167472129516
93.81525232460515,-6.529970398531674
85.43270193257513,4.637260916309458
72.85887634453005,-4.415817422244444
47.01267930243737,20.567966759563582
102.96224177597784,-0.04936197930535968
98.77096657996282,-0.5225943640648723
90.38841618793278,-0.46158966115787337
77.81459059988771,4.420222742566921
104.80283353523369,2.7234709330844566
102.38253396162544,2.284841680383053
97.54193481440898,-0.7370998875674388
90.28103609358425,-0.644492601053642
106.10684102284418,-0.035227285902436734
101.91556582682915,9.049304145319454
93.53301543479911,8.094699614399445
80.95918984675401,-9.555304902751587
99.93046504078121,0.09840788926005928
97.51016546717297,3.888386624442873
92.6695663199565,2.0373316623832807
85.40866759913177,-3.1262698573454912
97.57250839593787,5.056421642241133
93.38123319992285,3.232969021403548
84.9986828078928,-3.7555995031270726
72.42485721984771,-0.3630950276140652
46.57866017775505,-6.273325501919821
86.6509041433324,0.08535308271535769
82.45962894731737,2.587140387306647
74.07707855528733,8.73780467053949
61.50325296724227,-11.22522376443338
35.6570559251496,-3.2340252883205878
99.5157320061415,9.923178524268252
95.32445681012648,-6.033068430229136
86.94190641809644,5.393507757659208
74.36808083005134,-1.2295473999989923
48.521883787958686,-5.331463556767147
94.03825510298795,2.2578852490297123
91.6179555293797,-1.8186011652240524
86.77735638216323,9.164913870777212
79.5164576613385,-3.3659606092507346
64.59127695742103,-4.86370772367448
88.04910101336324,6.831868039946357
83.85782581734821,-1.5203232660644375
75.47527542531817,-1.5878224200668427
62.90144983727309,-4.908871872612913
37.05525279518044,-2.986150919876067
110.64703361666128,1.6358071427986403
108.22673404305303,2.646362845223095
103.38613489583656,-0.41622324258156596
96.12523617501184,-1.4275318312205911
109.647744800514,-6.337057375107307
107.22744522690576,0.5754876854303461
102.38684607968929,-3.2169302023018957
95.12594735886456,2.11639449538103
80.20076665494709,14.010078294415948
105.98012524611669,-3.744485899304081
101.78885005010166,-5.233559376310893
93.40629965807162,7.7623291204017875
80.8324740700265,0.32037208722496757
109.931734386051,-4.605983637415406
105.74045919003598,6.632789882469098
97.35790879800595,-3.634638847995191
84.78408320996084,3.479588594412377
58.93788616786819,5.552337109120195
97.07367721833538,-2.3755510500057397
94.65337764472713,-4.960860979764433
89.81277849751066,5.234168475946234
82.55187977668594,5.250398977160074
90.44914986631245,7.4128765742427305
88.0288502927042,2.7744538718783502
83.18825114548774,3.811822236221758
75.92735242466303,-12.31962354618031
61.00217172074555,-6.725215234762565
98.99309008381653,-3.2734858054830624
96.57279051020828,2.798137547235882
84.47129264216707,-2.0597433387204944
69.5461119382496,-1.5591342087932674
95.3258632735187,-0.8464360074353863
91.13458807750368,0.30929136702002324
82.75203768547364,-0.788482622185299
70.17821209742854,3.3490117915260527
44.332015055335894,-3.878508545977219
99.21969605902345,-4.570908103951268
95.02842086300842,-3.681845265824677
86.64587047097838,0.2362951193456837
74.07204488293327,3.125612326122095
48.22584784084062,10.3658428775964
92.06200063001059,8.198287697678538
89.64170105640234,-8.7100052172363
84.80110190918587,0.6745573919463652
77.54020318836115,-1.1544045772642875
62.61502248444367,3.427172705108916
104.5264140256578,-8.766488956803599
100.33513882964277,-2.005089613403328
91.95258843761273,-0.6512738608629718
79.37876284956765,5.189875688869861
53.532565807474974,12.286700775581814
98.41842361921137,3.086694707459216
94.22714842319634,-1.640055903384905
85.8445980311663,-6.636416178008886
47.424575401028555,4.057154884322195
102.08708907412557,4.462089014890267
99.666789500517325,-6.540312257459078
94.82619035330086,1.971052469096378
87.56529163247613,-0.7310351939156874
72.64011092855866,10.006236679136094
98.58121989352378,-2.3825359289198644
91.32032117269907,1.7027231358766528
84.05942245187433,-2.6948902505265266
94.45593323747003,-0.5199578700737959
90.26465804145501,-4.130191112496888
81.88210764942497,-3.7995782763888
69.30828206137988,4.736904382244035
92.20798425234253,-4.046922198835148
89.78768467873428,-4.7999162550703005
84.94708553151781,-0.14470429950321773
77.6861868106931,5.455244111854768
98.4185491239795,5.443410184858024
95.99824955037126,0.30711973128438785
91.15765040315479,-0.5174770658282313
83.89675168233006,-2.17206134875471
112.68265615421016,3.788757103889793
108.49138095819514,-3.673105368914534
100.1088305661651,1.432876423391079
87.53500497812,3.397146141186596
61.688807936027345,6.2945833127165685
91.82616877087973,4.362617270468931
87.6348935748647,-1.6490181872390792
79.25234318283466,-4.922098746191324
66.67851759478957,-1.5711746836781373
40.83232055269691,-2.856505209676257
92.94512443116919,-5.773187406153596
88.75384923515416,1.8817533500745611
80.37129884312412,-3.5896606203593535
67.79747325507903,-3.731203132609579
41.951276212986365,9.215276904471487
94.52485893683729,-9.34216228828869
90.33358374082226,-4.215096677598552
81.95103334879222,7.280599873472198
69.37720776074713,6.105919312153773
91.17089080503949,-1.153898646501034
86.97961560902446,-7.499270987583131
78.59706521699442,0.2783581404274287
66.02323962894931,7.75021842588481
40.17704258685668,-1.1497669586834078
79.09538163850661,0.052800906023406924
74.90410644249158,-2.3308171411374445
66.52155605046154,-2.5977621221369276
53.947730462416445,-4.190554258599072
96.90316432737228,3.7361702246015653
94.48286475376403,-1.5857315188516736
89.64226560654757,-2.5115688522877093
82.38136688572284,4.266092712295901
67.45618618180535,0.0215760557923943
93.84405166232251,1.8311902951323873
89.65277646630749,-2.7934659814871026
81.27022607427745,2.771396320583392
68.69640048623236,3.6965808057257448
93.46424354641516,-2.7772419211440393
91.04394397280691,-5.957219704257767
86.20334482559045,4.434002545986871
78.94244610476572,2.9553590299538683
96.75172054019079,3.231756188004155
92.56044534417576,-0.6865179449706744
84.17789495214572,-0.3123421955788217
71.60406936410064,-2.6331091936421984
45.75787232200798,-2.115572809081911
93.56449904825143,-3.3403881262233597
89.373223852236407,10.977567249920426
80.99067346020637,-7.732335672539989
68.4168478721613,-4.877585082286281
42.57065083006864,-5.522914382900758
100.14745947293774,0.9996494785170142
97.7271598993295,2.5774823662892317
92.88656075211303,0.29869004228007157
85.6256620312883,-4.948484145782899
70.70048132737082,7.431309101861615
103.01459006258906,-5.365466726142458
100.59429048898082,1.5596508635116635
95.75369134176435,0.1438295773846079
88.49279262093964,2.0698580735684544
73.56761191702216,-2.0278013571636393
97.78681876483463,4.488818978201849
90.52592004400992,-7.800994942682735
83.2650213231852,-1.000439912765188
68.33984061926772,0.7543350867010332
96.10153788799063,-3.934116699449433
91.9102626919756,2.1918172029851632
83.52771229994556,2.2355224085919616
70.95388671190047,-1.1066463338114403
45.10768966980781,4.204454670766417
102.17230769687984,5.1257191922392735
99.7520081232716,-1.0474096199512388
94.91140897605513,5.088651160254358
72.72532955131292,-3.205283532777372
96.39686201736738,3.2929329379759764
92.20558682135236,0.9034607979636888
83.82303642932231,-5.35931229994506
71.24921084127723,0.6924724861577829
98.1576906420792,-1.2798860357823685
93.96641544606418,1.2915967163677777
73.01003946598907,4.737688877286814
47.163842423896405,-4.543803147490074
92.06325769866956,-3.4337843958374634
89.64295812506131,-8.295425150693887
84.80235897784485,-2.898279862122763
77.54146025702013,7.133955388762175
62.61627955310266,-0.5431640512368432
93.95950995438619,-3.20643783492379
89.76823475837116,1.9471699311320378
81.38568436634111,-0.616281956814845
68.81185877829603,-6.452298344402564
87.6988305272139,1.077926038254546
83.50755533119887,-10.568116316326837
75.12500493916883,-7.92188049568999
62.551179351123736,1.8749723398671563
36.70498230903108,12.68227638825907
95.5267607916783,4.355824716158182
91.33548559566327,-6.4745470318985525
82.95293520363323,1.0916067509744352
70.37910961558813,-2.5936773374636175
99.64523451601421,5.732582097496206
97.22493494240597,0.5442797003534707
92.3843357951895,3.9248144870344532
85.12343707436477,-0.43358525700794814
70.1982563704473,-14.582785707761545
111.60152459964887,-6.842399278368234
104.34062587882416,2.5454144221864112
97.07972715799943,5.707335721779685
82.15454645408195,5.877931352546554
83.34373129774005,9.601582385264464
79.15245610172502,-2.240210142709543
70.76990570969498,-7.14441312188174
32.34988307955721,-3.3348946439146943
97.63977377398652,-3.419505499014477
93.44849857797149,2.7481895650034716
85.06594818594145,-4.400943742902001
72.49212259789637,3.886019178978799
98.30671100419355,6.386799128340215
95.8864114305853,-7.631248613073012
91.04581228336883,-5.396155320362482
83.78491356254409,-1.4822359973916832
68.85973285862661,4.027547253532958
105.04952793032454,-1.1746681940695254
102.6292283567163,7.304549334081543
97.78862920949983,3.985603925070464
90.5277304886751,2.018955547023012
75.60254978475763,-10.785730620162965
95.31872449080561,4.248641810333737
91.12744929479058,-0.20766084331847878
82.74489890276054,-2.900934136183011
70.17107331471546,1.984864993705898
44.3248762726228,1.1141098192940504
87.6984628778644,5.7642320127598055
85.27816330425615,2.2455037012966415
80.43756415703969,-8.758107472047485
73.17666543621496,0.059217160938686675
58.251484732297484,-2.4022506084478437
109.12367030400472,-3.5943690302333806
104.93239510798969,4.450025867307275
96.54984471595965,-3.3453666628759464
83.97601912791455,-4.394216089548976
58.1298220858219,14.27593239182805
106.0250051830532,-1.9409654401814294
103.60470560944495,8.050527234956206
98.76410646222848,-0.6939300150658454
91.50320774140374,-1.5739682517187248
97.46345283058716,-6.642682298322839
93.27217763457213,0.20930860117782402
84.88962724254209,3.0414336237533206
94.11516500349012,-0.6583944229500815
91.69486542988187,-10.74580328450736
86.8542662826654,6.261892345600174
79.5933675618407,-4.80617690386822
95.35809607310681,-2.7225760138567665
80.83629863145737,4.023789524350931
65.91111792753989,-9.202785143044174
107.9663757772486,-2.432946395566077
103.77510058123357,-5.280588983275877
95.39255018920353,-4.405114705669774
56.97252755906576,15.4084532918584
97.24865217181079,-7.60027401470208
93.05737697579576,1.1036563491539937
84.67482658376572,-0.33029488506552696
46.25480395362795,1.8869285857430285
106.63704553860681,-2.4223945280763957
102.44577034259179,-5.993179617309863
94.063219950561745,8.71059324621885
81.48939436251666,0.6193899170764752
55.643197320424,0.27923691777610316
102.62209421024939,-2.0958090836326733
98.43081901423436,-11.123495802604822
90.04826862220432,2.5399037589859574
77.47444303415922,3.1764467865308887
51.62824599206655,11.630104001333102
94.16221844946328,3.2294090668390396
69.01456727337312,-8.683503879372338
43.16837023128047,-1.040193145001787
92.53170753844307,2.162832583374694
90.11140796483483,-4.617836955153763
85.27080881761836,-1.9244639954932268
63.08472939287616,-1.1944363644982374
117.54336853971188,-0.04908690494706036
115.12306896610363,-3.770555097699372
110.28246981888717,-1.524436211517724
103.02157109806242,0.42479916308116117
88.09639039414495,16.695777917791148
100.95326585254112,-2.703694421190818
98.53296627893288,-1.352472145381654
93.69236713171641,5.637872724330748
86.43146841089167,-4.098136961077344
71.50628770697419,2.074361273608332
101.5640282549663,4.759071550926635
99.14372868135806,-1.8059689536004555
94.30312953414159,0.29576776201868427
87.04223081331686,3.6555990899576187
72.11705010939939,-6.40646120458598
95.5608559188354,-7.6741579127415775
91.36958072282037,3.043443367655513
82.98703033079033,-1.6739290923712673
70.41320474274525,-2.3242082166241005
91.2607573132389,-1.857968197663297
87.06948211722387,0.9528671267279236
78.68693172519383,1.5534086563652352
66.11310613714873,0.5267856664959965
40.26690909505608,0.09174233942433574
101.2223403424146,8.766345188338704
98.80204076880635,-8.173852962367036
93.96144162158988,-6.6596999509363
86.70054290076517,4.847419790598067
106.99722811915498,1.1184779408732908
81.84957694306485,0.7449414687741154
56.00337990097217,1.2578440458761548
103.01191567142052,1.645693852827435
100.59161609781228,-0.6545601942246009
95.75101695059581,1.6762650140450717
88.49011822977108,-4.46730517568048
90.3142139857396,2.5325413632086793
87.89391441213135,-4.55597653656929
83.05331526491489,0.5104643314706294
75.79241654409016,0.9308260194866165
60.86723584017268,-11.085404751191717
113.51095139483107,-4.504485793433062
109.31967619881604,-1.6055524941070018
100.937125806786,-2.1686259092456055
88.36330021874092,2.0363444510937256
62.517103176648256,8.233109431635008
106.54102745032115,2.0751272464779618
104.1207278767129,0.3027887483122953
99.28012872949644,-0.05684311341579473
92.0192300086717,-0.5846295243235744
77.09404930475422,-1.801155469883298
107.38552535753182,-11.14223069508482
104.96522578392357,4.393333519993206
92.86372791588236,5.329858184470353
77.93854721196489,1.8795837613627242
95.26687652914117,-5.536646459737156
92.84657695553292,-0.1496049254442795
88.00597780831646,2.7324984647535757
80.74507908749172,-1.9791483270544887
65.81989838357424,4.70027367817967
106.29724566843687,3.0700443431850886
103.87694609482863,-1.9011889743977406
99.03634694761216,2.2459334374320434
91.77544822678742,-0.08265996824417243
88.31845274100331,11.24278467019009
84.12717754498829,5.390095753904802
75.74462715295824,-2.049945824799778
63.17080156491315,-7.378828314920085
37.32460452282049,-15.231247871678132
97.34172950300454,3.801676569130379
94.9214299293963,2.067547795760646
90.08083078217983,1.2075332130614953
82.8199320613551,-3.049858921855744
67.89475135743763,-1.5421858277371427
112.12345502136041,2.0622641869440486
109.70315544775217,-2.8904172443359215
104.8625563005357,-0.31617036350462513
82.6764768757935,5.748905954676033
97.15840446501139,-3.4107503145131233
94.73810489140314,2.876307111261454
89.89750574418667,1.4480359289832023
82.63660702336195,0.10974042114285965
94.16338721806102,2.879392794934077
89.97211202204599,8.776041357102827
81.58956163001595,2.329130289380032
69.01573604197087,-8.765074443526636
43.16953899987819,-1.082514760252451
90.9880166220758,-1.2995529450840024
86.79674142606078,-5.427395792689595
78.41419103403074,1.3841592354148986
65.84036544598564,1.5400346913786933
39.99416840389299,5.203932364927169
97.743385072156,-2.70037825952744
93.55210987614097,-11.814570932491534
85.16955948411093,3.921969273812863
46.7495368539732,5.001228018829821
87.89414402692805,10.870133275661757
83.70286883091302,0.9425427793130297
75.32031843888298,-0.27841498709628354
36.90029580874523,-12.764930197525274
109.47296525656145,10.574578487606146
105.28169006054642,-3.5562234022442283
84.32531408047129,3.674367383689656
58.47911703837863,-10.671916651840917
87.72739086622319,11.541054566800327
85.30709129261494,-1.6357479448859635
80.46649214539848,-3.661702529869288
73.20559342457373,-6.509155387357993
58.28041272065626,-6.245952507168397
107.34828563713688,4.126989909030414
103.15701044112186,-0.2519063925697793
94.77446004909181,2.6663764347586465
82.20063446104672,3.7389394824133433
56.35443741895407,-5.682909164714516
112.30037373967563,-2.8104182803315183
109.88007416606739,2.2254584374210538
82.85339559410872,13.602066358354364
98.42644476225011,-4.098463606094157
94.23516956623509,5.197933660790596
85.85261917420505,-6.437733468074924
73.27879358615996,-2.3337528344394514
47.43259654406729,8.883009378556856
97.83813417871349,1.181239979695306
95.41783460510524,-4.933077732704163
90.57723545788878,8.840970730082262
83.31633673706405,-5.812062236020168
68.39115603314657,-1.8468511737916629
100.43154167894869,-0.978584435064576
98.01124210534044,-0.08670409683821845
93.17064295812398,8.059167940504977
70.98456353338177,-4.2123648148254915
106.12745088728994,-3.8725152172100223
101.93617569127491,6.554478916872483
93.55362529924487,-1.663200834487455
80.97979971119977,8.537976980092338
103.59480502833867,3.173036006853607
99.40352983232364,-5.911007644220007
91.0209794402936,4.467774146154198
78.44715385224852,5.920376413677843
85.17596232348295,0.5280091090823191
82.7556627498747,-7.834233297435873
70.65416488183351,-4.56968805744151
106.209848787996,-1.0209767201052955
103.78954921438775,-1.097306094218851
98.94895006717128,1.2771353834105383
91.68805134634655,1.4344897742476803
76.76287064242908,-0.02881872000534713
96.66489764126936,-4.832695931501448
92.47362244525434,-0.0802599496603591
71.51724646517921,0.8235926809690568
45.67104942308655,4.919872321669388
92.27425213180376,-4.233409806807529
85.01335341097905,6.498857863359234
62.82727398623684,-7.523632025677024
97.20324820385154,-1.998648334588637
94.7829486302433,-3.9818609140825316
89.94234948302683,-6.034654134858101
82.68145076220209,8.023170292462794
104.58765786243136,4.216507533775825
102.16735828882311,-7.569315417045232
97.32675914160664,-0.007468923405127725
90.06586042078192,3.7024688933216368
101.76375428032462,-3.6700133550234995
97.57247908430959,-6.267496458475549
89.18992869227955,4.536595876624887
76.61610310423445,0.8081147914597722
50.7699060621418,9.12773557437729
104.28032834779052,-1.31866680572287
97.0194296269658,-0.6679993006228386
89.75853090614108,1.4904533837981404
74.8333502022236,4.28506734731171
101.12457009047787,0.37395969623032954
93.86367136965316,-4.599428726889101
86.60277264882842,1.5479866961203896
71.67759194491094,6.3636395686095
99.61169622650378,2.371800110803221
97.19139665289553,1.3657856255983631
92.35079750567907,2.084958177268547
70.16471808093686,-2.713399633257694
100.17931536818547,2.1205760175155746
97.75901579457722,0.9250461913548946
92.91841664736076,-0.5177804397705614
85.65751792653603,-2.636350963446617
95.64575691647481,-8.210090468382262
93.22545734286656,0.8950463269802356
88.3848581956501,1.438014742592074
93.57503644532358,8.012570189242425
91.15473687171533,-6.335580643231268
86.31413772449886,7.631110867697814
79.05323900367412,-4.171240120718011
64.12805829975665,-8.23443594591123
111.74036682307062,-1.0134634610522966
109.32006724946237,5.191868993661558
104.4794681022459,0.6426260460502107
97.21856938142116,-2.3425206412418476
108.31928117579244,-4.387693047929247
104.12800597977741,-6.834894390800713
95.74545558774737,0.7301547710951439
83.17162999970229,7.425089087623334
57.325432957609614,13.187613075908665
87.12472816604192,-6.650867474923302
84.70442859243367,3.6456142408077596
79.8638294452172,0.7317950120539791
72.6029307243925,-9.566209108520141
113.26747213917339,-8.306919995632796
110.84717256556515,-2.522308895612099
106.00657341834868,-3.7971624159651185
98.74567469752395,4.712474002857405
83.82049399360648,12.516194713749684
102.12328286899775,-6.589377938634314
99.7029832953895,-1.655086315930177
94.86238414817304,2.192283315931647
87.6014854273483,1.7410739693189896
72.67630472343082,7.408728695713421
101.87321966389042,-4.307635321224311
99.45292009028218,-8.81974259363173
94.61232094306571,-6.226753131747429
87.351422222241,4.546467186837063
72.42624151832352,18.78771984558972
113.49945469687363,-5.1463724849072605
111.07915512326538,-7.67493684212198
106.23855597604891,2.915416559609085
98.97765725522419,0.28724920832505063
84.05247655130671,17.784571046576332
73.84264104120436,6.536188178472301
66.58174232037965,-10.659144669254424
59.320843599554905,-4.282453213800217
44.39566289563744,-6.64774158716758
107.66823025505545,-2.607336356226085
105.2479306814472,-4.766315056286203
100.40733153423074,4.615797598072405
78.22125210948855,14.35689657393273
85.25332468515576,0.11157728538391609
81.06204948914073,6.9915878624235575
60.105673509065596,0.045033616070206506
34.25947646697294,-14.392678006509009
108.59774148851355,-6.000363348202143
104.40646629249852,-1.923571314821487
96.02391590046848,-1.5040570259004795
83.45009031242338,7.956895728745053
57.60389327033073,8.442581462071857
102.68600456822986,-3.332554651500587
98.49472937221483,8.821252441954783
90.1121789801848,-2.994540617328994
77.5383533921397,-4.493391623283799
51.69215635004704,4.122523744101798
101.74103906026792,-5.895176326362588
99.32073948665968,1.2872958495749174
94.48014033944321,5.551912526523665
101.87254699943074,-13.19204386040498
99.45224742582249,-3.8730322188608852
94.61164827860603,-1.1700540730501103
87.35074955778128,4.582191538514678
72.42556885386381,16.140622332050427
98.09076418073779,9.710130656225743
95.67046460712955,13.465739869262578
83.56896673908835,-2.3581231022994587
68.64378603517088,-28.23070565637444
99.8435883626436,-2.1608518042354206
97.42328878903535,4.317556610917947
92.58268964181889,-5.41775082617427
85.32179092099418,0.6266565245498157
94.46072221315396,-2.1841462917035415
90.26944701713893,1.5038915122891154
81.88689662510889,-1.7271307254917332
69.31307103706379,-1.3983514972786821
96.99392332381444,10.440816296914164
84.42009773576937,0.3042688755052012
71.84627214772429,-16.089280696856825
94.47437876213841,1.102404299430745
90.28310356612339,-1.3149578970963915
81.90055317409335,-4.181514842505237
105.87721103729196,-2.8456356645069008
101.68593584127693,-5.227656911702169
80.7295598612018,-0.9103800759348815
54.883362819109145,12.514063227268714
104.5427441986544,1.1702304573533553
102.12244462504616,6.650401188516682
97.28184547782969,-8.432990453408053
99.71064566238412,-6.714710942785331
97.29034608877588,6.629199333592808
92.44974694155941,-1.9730947032135475
85.1888482207347,-0.20873164840394054
99.56231988970727,-1.2777945148387744
95.37104469369224,-0.1155611859932435
86.9884943016622,2.7097144502835135
74.41466871361712,1.445067101803474
48.56847167152444,-2.842197204037511
104.17392193269504,2.354083250738597
99.98264673668001,1.9739978716008721
91.60009634464998,-1.078730531973278
79.02627075660487,0.3618739088889811
101.03921268535936,-0.8547498601296581
98.61891311175111,-1.5161267814768138
93.77831396453465,-0.1699201185170125
86.51741524370992,9.481871462972848
71.59223453979244,-2.6572935692689867
108.65128644661111,2.7235859553987467
106.23098687300286,-2.1937214821264206
101.3903877257864,4.803503759292482
94.64229352959045,5.948523045002673
90.45101833357542,-9.138264800725807
82.06846794154538,6.260169625574434
69.49464235350028,-8.743297238208207
105.32548675491944,-2.7914354704343936
102.90518718131119,9.587606220317753
98.06458803409473,-0.2324576425660041
90.80368931327,-4.441577776438663
75.87850860935252,-2.012656451609729
96.8934005545397,-4.502735610341276
92.70212535852467,5.64008148567477
84.31957496649463,-9.91651965310399
71.74574937844953,7.363945982082967
86.98538002662156,-0.5106611428810055
82.79410483060653,13.500122824305109
74.41155443857649,-1.7485518184255113
61.83772885053142,-7.119108052565089
35.99153180843875,-14.481011352246803
108.48706002921502,-10.982836363083578
106.06676045560677,-14.332413977625976
101.2261613083903,-0.9840258851286592
93.96526258756558,14.33970467256816
79.0400818836481,20.528080673440158
116.87536693180301,1.0144561565066255
112.68409173578799,-6.4108326434725456
104.30154134375795,-5.393041545564344
91.72771575571284,1.9869150215301232
65.88151871362018,18.218619011854997
101.9734567125819,-2.067698222781871
97.78218151656688,1.1700530775792828
89.39963112453684,4.425687905522395
76.82580553649176,1.394791694018224
97.1564865401179,7.446576892698744
92.96521134410287,0.5910315184892454
84.58266095207283,-4.719874913757579
72.00883536402775,-4.683036579897475
110.59687075088463,5.7238978125746485
106.4055955548696,1.1384035546474678
98.02304516283957,1.485988686723033
85.44921957479447,0.8827093390687821
88.0455318008088,2.909569675048431
83.85425660479378,5.463550151627871
75.47170621276373,-5.706983401064022
62.89788062471865,-3.510081499854678
37.051683582625984,-7.762901535299658
95.60020243672545,5.871380223195942
93.1799028631172,-5.359477283492893
88.33930371590074,-0.6530245921580047
81.07840499507603,-1.43992563118222
66.15322429115855,-2.912124390849222
108.178803733141,-1.97382508637007
105.75850415953275,1.447183147217487
100.91790501231628,9.622290516465284
93.65700629149157,2.283474011968295
113.36536117856353,-4.185207569243218
109.1740859825485,3.7049852127666156
100.79153559051846,1.6812588394271586
88.21771000247338,3.5704125096614945
62.37151296038071,1.5183371251799258
96.21253266315583,-5.282280095133686
93.79223308954758,-1.3831112276635764
88.95163394233111,1.5210072142940447
81.69073522150639,6.06216072198994
66.76555451758891,-0.7257218474166791
103.87323580156146,-3.6089348048199383
99.68196060554644,6.381142299109726
91.2994102135164,2.582886101826361
78.72558462547131,-3.7894941349804157
52.879387583378644,3.8589038829716813
101.2757800826632,4.212731554002659
97.08450488664818,2.1935637769965837
88.70195449461814,6.576996863507858
76.12812890657304,-5.067085224398539
50.28193186448038,-7.0915898639871955
107.00237100026655,-8.464529623876444
104.5820714266583,1.7996333912728915
99.74147227944184,3.8565622105091393
92.48057355861711,1.3982931971151373
77.55539285469963,7.462811309660779
89.71259750865136,-7.624355670891191
87.29229793504311,0.08941794007860437
82.45169878782664,4.182819887145726
75.19080006700192,-1.1748803795531586
90.00738825337122,-5.144991642034952
85.81611305735619,-1.518624324161749
77.43356266532615,-0.3916908026585446
64.85973707728105,-6.125562773342736
39.013540035188385,7.444658904967923
85.82590484950683,5.298660099369414
81.6346296534918,0.8600027876035341
73.25207926146176,2.6356136259735905
60.67825367341668,-7.671588241346306
34.83205663132401,-5.322802806468211
104.48199069962662,0.3030384508984554
102.06169112601837,-4.996612661498631
89.96019325797718,-0.784701214681462
75.0350125540597,8.201993004233586
89.67357912597723,2.8254302723163676
85.4823039299622,-6.436192689128546
77.09975353793216,5.100126611771358
64.52592794988708,-5.911308780522205
38.67973090779441,-2.214519936642631
113.24620891102649,-3.377517989871947
110.82590933741824,-3.778827799807857
105.98531019020177,4.546290421767651
98.72441146937703,-0.41896563872423087
83.79923076545955,11.727695533864448
91.39516308468643,-2.11695028950453
87.2038878886714,-12.846921563602848
78.82133749664138,3.1735045137924516
66.24751190859627,5.051605997261532
40.40131486650362,3.9969048412763257
85.16365442654755,7.278428647670651
80.97237923053252,-4.29970163170934
60.016003250457395,-4.854851629710815
34.16980620836474,-7.103862046351821
106.34175433722713,0.6432679870178077
103.92145476361888,4.739201972833072
99.08085561640242,-2.6407961715619734
91.81995689557769,3.4248459114987924
105.79991199317092,-1.5226239597216988
101.6086367971559,2.7417000344225784
80.65226081708076,5.464539065078455
54.8060637749881,-5.922783559689336
118.07206182098192,8.589301782291386
113.88078662496689,-0.16353789662120732
105.49823623293685,7.64447909078531
92.92441064489176,-4.568960437650574
88.1911405766541,0.4855804797456216
85.77084100304586,1.690650180984349
80.9302418558294,-8.784953981824117
73.66934313500467,1.9618707324190865
106.11253133030127,-4.349171461161305
103.69223175669302,-7.233397429886054
98.85163260947655,4.634487268599202
91.59073388865183,13.867827557493314
76.66555318473435,0.38327572982929325
83.88214497634517,-2.6978895185153675
79.69086978033015,-0.4601694988429301
71.3083193883001,0.5015828259863184
58.73449380025503,-2.7620800376188654
92.26576667516971,-3.453716546656892
88.07449147915469,8.424722615041631
79.69194108712465,0.5294287862447646
67.11811549907956,-3.0512100404034612
41.271918456986896,-3.623057082914748
88.99169287503912,-2.727499004190534
84.8004176790241,-5.596870753154889
76.41786728699405,2.179389306792217
63.84404169894896,5.427396192353022
37.9978446568563,1.3240005313575338
108.75840032499133,4.022377960110674
104.5671251289763,2.190692569552624
96.18457473694626,10.087592270842336
83.61074914890116,-3.369394860143103
57.76455210680851,-6.251541724844138
107.03362913397483,-1.4282125893799815
104.61332956036658,1.2164908897427011
99.77273041315011,-0.7505429638329559
92.51183169232539,1.1377098389015714
77.58665098840791,0.8676583139057357
93.72503161152004,13.903523134211085
91.30473203791179,-3.972216247410003
86.46413289069532,-4.07369395857576
79.2032341698706,-1.4216317259869555
64.27805346595312,-5.136686498545544
99.55925879632055,2.916991165605694
97.1389592227123,3.087308821039173
92.29836007549584,-1.3898635416845337
85.03746135467111,-2.32456495260692
70.11228065075363,-3.1505028979675274
79.94387966492236,6.523524576333202
75.75260446890734,0.24942237338429152
67.3700540768773,-5.635875654086163
54.7962284888322,-5.4870741424439515
28.95003144673954,-8.281813117992392
102.67639727694127,-4.307892932222586
98.48512208092625,2.015158797296394
90.1025716888962,-6.34857022356573
77.52874610085111,4.368150533365991
51.682549058758454,6.309664089379147
93.79537885696037,0.11015492352207445
91.37507928335212,3.4029789913795128
86.53448013613566,-2.7708888878115516
79.27358141531093,-3.2666261754154533
64.34840071139345,0.7793274666706793
97.32405932251558,0.4861062553199389
93.13278412650055,-6.50032156719729
84.75023373447051,10.08182944276777
72.17640814642542,-2.273959554106341
46.33021110433276,0.8582348130761304
98.60072777440952,6.918981538790362
96.18042820080127,5.707913821243608
91.33982905358481,0.7897026728280707
84.0789303327601,-5.444452646098242
69.15374962884262,-8.785592436939815
98.04745731844018,-0.6404981677745809
93.85618212242515,1.1836494844249614
85.47363173039511,-1.1457784969969396
72.89980614235003,0.21276995731346915
99.39724823950982,-10.131130071864831
95.2059730434948,-0.016933213384177748
86.82342265146475,-7.428107917073021
74.24959706341967,5.122087540781607
48.403400021327,8.103616347838098
108.06668228629823,11.183661824493655
103.8754070902832,-4.58087793052708
95.49285669825316,0.42721068745427715
82.91903111020808,-5.352041875989542
101.79625740392015,-10.288607724623773
94.53535868309544,-4.886571808083019
87.27445996227071,5.758049834525849
72.34927925835323,12.111801027723828
99.67036889121587,5.5996946026730825
95.47909369520085,-4.17193822113272
87.09654330317079,-2.8914258265539416
74.52271771512574,-3.3505585011110384
48.67652067303306,8.757643352259421
113.52767931107898,-8.988416790174341
111.10737973747074,1.2952867456266688
106.26678059025427,-3.8904085785997893
99.00588186942954,2.983715580849619
84.08070116551207,20.565300639002686
102.19372534071762,8.487847179662879
99.77342576710937,5.759221450448692
94.93282661989291,-4.083039467425891
87.67192789906818,-12.446943787609229
88.66682777545833,-0.5642794148333508
86.24652820185008,-8.926186874471966
81.40592905463362,5.935802885623829
74.14503033380889,-1.1680819252884334
98.2590187851814,1.3457342160844092
95.83871921157315,10.22739680160197
90.99812006435668,4.322315473282018
83.73722134353197,0.36932548100418217
68.8120406396145,-16.81136439748991
106.22261445771717,3.224247244559905
103.80231488410892,0.5582167125664768
98.96171573689246,-0.24374757263309732
91.70081701606772,6.36273984163833
76.77563631215024,-4.2123118696650295
99.4450343436032,-2.1507127985459533
97.02473476999495,-0.7899423507306551
92.18413562277848,2.238631450448196
84.92323690195374,0.32375936892211143
69.99805619803627,3.8165162245070405
109.28339219428464,2.4290034242543186
106.8630926206764,-4.4269382621654785
102.02249347345993,-2.8090762504906337
94.76159475263519,3.0366094238628136
79.83641404871771,2.6864173666010913
111.03303814445188,-0.48573669879104386
108.61273857084363,-2.7679473426238133
103.77213942362717,-4.60629199085183
96.51124070280243,-1.686660406247583
81.58605999888495,9.586476608040016
86.25500338002573,1.425543280693148
83.83470380641748,3.4190306059811206
78.99410465920101,-6.438629926836626
56.80802523445881,-9.381996961329634
89.61200845661347,1.3968451553950985
87.19170888300522,1.129966295310254
82.35110973578875,-1.4751158104053275
75.09021101496404,-3.4481442300408105
60.16503031104656,-5.921774123990765
95.79312330823352,9.966486750031706
91.60184811221849,3.5145897787117946
83.21929772018845,0.8125641997063724
70.64547213214337,-5.252597030957375
44.7992750900507,-14.408872007617454
90.94574627825833,-2.151564457430851
88.52544670465008,3.9480702856549215
76.4239488366089,-7.612589650567472
93.73964399170524,-2.8456684691809926
89.54836879569021,1.3861011959753142
81.16581840366017,-3.908789010309519
106.15131400672018,-0.582369589660658
103.73101443311194,-4.628960128335464
98.89041528589547,2.987671359376563
91.62951656507074,-4.391422830818584
76.70433586115327,6.819715108334776
100.71637678552474,-1.0803290753409414
98.2960772119165,8.45648268157683
93.45547806470003,6.946944374340092
86.19457934387529,-4.450367079625565
71.2693986399578,-2.5198533557268092
98.22329688344901,-1.9412238274542943
94.03202168743398,13.183169987572441
85.64947129540394,5.1266414114897
73.07564570735883,0.3680610499372392
47.229448665266176,-13.421595923630065
100.49581048334016,-3.9036781868862107
96.30453528732514,-6.3803353242010274
87.9219848952951,1.9906670854403075
75.34815930725,0.19943106642082853
49.50196226515735,11.823189657079915
102.31851001897917,7.450575259172709
99.89821044537092,-4.936697795421324
95.05761129815446,-3.317130329798516
72.87153187341225,-3.344267524491798
100.78461984011491,5.968052321497922
98.36432026650667,-1.1371070000628833
86.26282239846549,2.8898129898806815
71.33764169454801,-1.0812850461620087
102.70741375134041,-3.1388969564035136
98.51613855532538,-7.197283495331845
90.13358816329534,-1.2429859502883431
77.55976257525023,5.6080873113364476
51.713565533157585,9.352905918256475
98.384804924501,9.013340765312222
94.19352972848597,-9.174180293851506
73.23715374841085,4.84140422516856
91.68191157237271,-1.8858651875919321
87.49063637635768,2.0516066937785524
79.10808598432764,-4.113324349322241
66.53426039628253,2.5366148191205156
40.688063354189886,0.7643005231835147
108.56574364597319,0.06495004794768988
104.37446844995816,4.169576564500105
95.99191805792812,-7.244575554615224
83.41809246988302,3.814380099067151
96.36416876440566,0.7348563274032358
93.94386919079741,-3.5600259138324617
89.10327004358095,3.510838540678293
81.84237132275624,-4.402110014411903
66.91719061883876,4.753725549726099
97.52642833945607,-9.450395043826816
93.33515314344105,-0.3202984766069221
72.37877716336592,7.3432192916401675
88.88478787757857,-12.260645884044322
86.46448830397033,-7.2329305432784
81.62388915675386,3.62447225974239
74.36299043592913,2.6863696331096065
59.43780973201166,12.856500621544967
109.77006237500615,0.21188934919823055
105.57878717899112,-6.0133165910505255
97.19623678696107,6.817782220653839
84.62241119891598,8.1481976259291
105.572046755484,9.332641265709967
92.99822116743893,-1.396844709883311
80.42439557939382,-6.540630885834872
54.57819853730117,-1.148949331704351
102.8051856696173,12.386713914058262
98.61391047360227,4.131851696859144
90.23136008157223,-3.620517274185346
77.65753449352714,-6.995562936637896
51.81133745143448,-5.398664415256661
94.1104355141584,5.553376353037166
89.91916031814337,0.48538740909610567
81.53660992611333,-2.6171057705689265
68.96278433806825,-1.023560536323771
88.19221017006583,-2.002748472410744
85.77191059645759,4.031621830814217
80.93131144924112,1.03828721729829
73.6704127284164,-0.503319471796047
58.745232024498904,-1.5663163203069317
113.44784961374727,-0.5125035987366715
111.02755004013902,-0.286868843469378
106.18695089292255,4.554404523001324
84.00087146818034,2.4304983530139026
119.31106952456767,-3.415751715276272
115.11979432855264,0.7639102880986002
106.7372439365226,4.041221730131312
94.16341834847752,4.628234029185464
93.55311068316819,-0.8545071695066184
89.36183548715316,1.4649504323707276
80.97928509512312,-3.6679031392193764
68.405459507078,0.8537590545891618
42.55926246498535,-4.101767859897102
101.24532677576808,2.9539357883908366
97.05405157975305,-1.5826418414408892
88.67150118772301,2.4381760397147048
76.09767559967791,-1.4337949214515504
91.31495627319529,-4.019316810935592
88.89465669958705,3.453828316426481
84.05405755237058,1.8054961222487265
76.79315883154584,-2.242101991533829
84.13502157874679,4.115266496152444
79.94374638273176,10.468030942713739
58.98737040265665,-2.0074055082307822
33.141173360563975,-14.302541266478595
95.19340198500757,-3.4520213714088044
92.77310241139932,3.4816972174001393
87.93250326418286,-1.2290486725526506
80.67160454335814,-4.539607483556523
96.88980803597943,10.795749936046732
94.46950846237118,-4.910271037035983
82.36801059432999,-5.023066030163804
67.44282989041251,-5.578705761712364
95.7637056610325,-6.8379685350701465
93.34340608742426,-0.13803206923095956
88.50280694020779,0.4645764769340417
102.98659022373047,-1.6010021843146376
98.79531502771545,-6.235537554541963
90.4127646356854,0.512873382749433
77.83893904764032,2.9303597030618675
51.992742005547655,4.349949794782049
95.29436675591987,1.6429224342480069
92.87406718231162,10.500516125882598
88.03346803509515,1.0258444902487724
80.77256931427041,-4.585225341831986
65.84738861035294,-17.518696878399304
84.91707720334534,-3.9239047337599686
80.72580200733032,0.6998202681459986
72.34325161530028,3.208077450513855
59.769426027255214,-2.776999446772713
33.92322898516256,-0.8874733095303
95.0844755941853,3.6373441710009757
82.51065000614024,-3.2014156141872974
69.93682441809514,-9.242976196528048
44.09062737600248,6.592754409254432
103.92227536024247,-2.4941305317338305
101.50197578663422,-1.8003135365845822
96.66137663941775,-4.184135599230515
89.40047791859303,2.1910368960048316
74.47529721467555,7.71821173511573
92.93633570192115,3.8153464335759253
90.5160361283129,3.493121057739529
85.67543698109644,5.469053358340403
78.4145382602717,0.9870132349106768
63.489357556354214,-15.22695020395114
100.9783849568512,-1.5958702661608868
96.78710976083617,7.094232879531731
88.40455936880613,2.1883220706899493
49.98453673866839,-6.76705755914535
97.50435622068565,-8.409765211557115
95.0840566470774,-1.7267440245471022
90.24345749986094,4.267546638375336
82.98255877903621,0.19182194136745068
97.06218209170244,-6.790864493189559
92.87090689568741,-2.982082424950093
84.48835650365737,3.1361503578224585
71.91453091561229,3.642778649243141
46.06833387351963,-4.459818499821914
103.3547525592902,-4.604556055860527
96.09385383846549,-1.6792233626424888
88.83295511764076,5.146616373273801
107.5920419671723,9.10216859518134
103.40076677115728,6.547177180819034
95.01821637912724,-6.285972146974828
82.44439079108216,0.930147115343317
56.59819374898949,-9.318482194546824
109.25958305745975,-4.099969907603565
106.8392834838515,-0.028668745926779593
101.99868433663504,-3.7749681482230812
94.73778561581032,6.347665494559152
106.28670246061733,5.632805446154862
102.09542726460231,2.095359213965253
93.71287687257227,-3.8070921500866035
81.13905128452718,-1.7417229462159156
55.29285424243452,3.3196078965399565
100.54749758750471,10.36776623770929
98.12719801389646,1.9015454797871456
93.28659886668,-4.925916846408825
71.10051944193779,-7.564224473194599
101.69226360314583,3.0292430103039862
89.11843801510076,-3.515392061334623
76.54461242705565,-3.7912501782159467
108.0069682030317,-4.621858625551241
95.43314261498664,4.341871391181201
82.85931702694155,-2.137260859051622
57.013119984848885,6.919880504729321
88.73251563262549,4.536939908845071
84.54124043661047,4.492693088601953
76.15869004458042,-4.72087215268688
37.73866741444267,-8.920778589089284
92.13076137753599,12.35642441127817
89.71046180392774,8.061580915176478
84.86986265671128,3.9585196719600333
77.60896393588655,-10.289571340038421
62.68378323196907,-20.77833428363359
119.96831367748564,-3.039688382310757
107.39448808944057,4.846545048749988
94.82066250139547,3.196060702766232
68.97446545930282,7.535261834245659
101.969080884011,-9.073447646154307
99.54878131040276,-0.750983608254316
94.7081821631863,1.7465972466522288
87.44728344236157,-0.2820117865582574
72.52210273844409,9.804970119959819
108.28546879809126,-1.0371011024840584
105.86516922448301,-0.8277190559872452
101.02457007726655,-1.5416594976268811
93.7636713564418,-6.932079229048085
78.83849065252433,8.604793514889792
99.08460389599921,-9.047962091079185
94.89332869998418,5.766270842525444
86.51077830795414,2.128329575610394
73.93695271990907,-0.33705047653789677
48.090755677816404,6.473232582012585
84.59545161395202,-13.351681474360404
82.17515204034378,-0.30166543974158344
77.33455289312731,1.3446974346717582
70.07365417230258,1.2128504706052752
96.22813029612371,-0.36239854960591344
92.03685510010868,-7.244808358292943
83.65430470807864,-2.2304629935856752
71.08047912003357,5.88148976048231
45.23428207794091,5.205880815828252
98.1079453889704,4.393773950177959
93.91667019295538,-7.581887883972499
85.53411980092534,6.251630276832401
72.96029421288027,-6.930469652754169
47.11409717078761,1.1887390555934445
113.27659052010237,-3.3408313329835693
110.85629094649413,-7.151399502129209
106.01569179927766,-3.5967851932485644
98.75479307845293,3.501419584209941
83.82961237453546,19.605131836534227
110.29728130869914,-4.925591032872248
97.72345572065407,-0.22825853093682724
85.14963013260898,11.756017471678064
85.13728025287615,-8.19554362811445
80.94600505686113,-4.458773702629571
72.56345466483108,-1.7395524619247738
59.989629076785974,2.3482742636601728
34.14343203469331,8.699467428379279
98.85392138735702,6.125735983701375
96.43362181374877,5.218718681985308
91.5930226665323,8.485399033315176
84.33212394570756,-10.637654526449296
69.40694324179009,-4.910757088411643
102.38671993132047,-0.23242779999843322
89.8128943432754,-5.8329507996857615
77.2390687552303,1.9672093326608149
51.392871713137644,3.8853935704067624
101.48943095695587,5.600965528555747
97.29815576094084,-1.7951574230032605
88.9156053689108,-1.7839009909383634
50.49558273877305,0.5929330956497125
86.66134097882386,-2.029933788666142
84.24104140521561,1.0754923492191324
79.40044225799915,7.287533826564669
72.13954353717442,-3.7811782652012766
57.214362833256935,-9.226067875472218
103.77803169495776,2.5304480283223256
99.58675649894273,0.3728264581198317
91.2042061069127,7.538825666608602
78.63038051886761,0.27360105007998925
52.78418347677495,-4.842708139818285
87.83340880827446,14.313030824352325
85.41310923466621,6.052369503232626
80.57251008744974,-7.566385426551577
73.311611366625,-7.147394604559295
58.386430662707525,-17.590650494955263
94.36213701754502,-11.977815045266624
90.17086182153,-5.783374117965963
81.78831142949996,-0.3458246813564898
69.21448584145486,5.180865907777076
43.368288799362205,9.28148408961627
101.40154153080684,-3.471756783189562
97.21026633479181,4.374069773019627
88.82771594276177,5.5071929480040325
76.25389035471667,-9.346846588745962
101.41227365086085,4.155345059030452
98.9919740772526,10.511293591948018
94.15137493003614,-5.034336012410307
86.89047620921141,-4.740780147804969
71.96529550529394,-3.461250104673155
100.50352267913773,-1.4566820252333486
98.08322310552948,3.7568775486238337
93.24262395831302,2.5075946741412167
85.98172523748829,0.9970523118346932
71.05654453357081,-5.166418992210907
88.26073321233088,0.3285292054763431
84.06945801631585,1.2385897350229413
75.68690762428581,2.947907515548806
63.113082036240705,-11.159682739195937
96.10243261269228,-1.0687858726954431
91.91115741667726,1.529835995457148
83.52860702464721,-0.44419537580377266
70.95478143660212,-0.7893608494546243
45.108584394509464,6.185718903162204
94.17243812632996,2.787346871042871
91.75213855272172,0.6392340904918399
86.91153940550525,-3.375440762526935
79.65064068468054,-1.8381213030543222
110.65408908973968,-8.3979891365707
108.23378951613144,8.170874414389516
103.39319036891497,-1.0319447654432565
96.13229164809024,8.016028214974838
105.5227716905874,3.4909020280791623
101.33149649457238,1.201221856328658
92.94894610254234,10.417889123742427
80.37512051449724,-9.081703249687578
54.52892347240459,-3.1573106907176722
115.05820967463856,6.027897324455935
110.86693447862353,-0.9803265195550921
102.4843840865935,-3.723519438452527
89.91055849854843,5.08255365506929
64.06436145645576,4.097581924662194
96.94513649785388,-7.509939542447384
94.52483692424563,-9.714955424580452
89.68423777702917,2.153246521279911
82.42333905620445,4.7754995376084395
67.49815835228698,12.21827571621391
104.08872762070797,1.6921484382924348
101.66842804709972,1.6101523465554806
96.82782889988326,-8.720250805897251
89.56693017905853,0.7286982041151049
74.64174947514105,7.975960348923053
103.69968515087659,3.336356540016695
99.50840995486156,-7.689326303679806
91.12585956283152,-1.4877029057200275
78.55203397478644,3.1524666720328582
52.70583693269377,7.880824934298147
94.85623841207183,2.2049700951278908
92.43593883846358,0.5577562823099385
87.59533969124712,-1.4319025042061213
104.76629664280661,-0.5037851157442503
102.34599706919836,-1.9440465819806008
97.5053979219819,2.4709094264291878
75.31931849723968,10.774045416241833
99.10696614515818,0.1227471472582522
94.91569094914315,-3.1170721621165995
86.53314055711311,7.5779154619308855
73.95931496906805,-1.0810387822342449
103.24482011003575,-1.2631491470717862
99.05354491402072,-8.348370477195033
90.67099452199068,4.116848173552739
78.09716893394558,4.484902251718708
52.25097189185292,5.104459888470991
105.50201323302561,-2.934397742084329
101.31073803701058,2.066386677176439
92.92818764498054,4.927011156948737
80.35436205693544,-6.7567108085265914
54.50816501484279,11.33613904322955
105.14754404376033,4.259322968555168
102.72724447015209,-0.4434928436813266
97.88664532293562,1.1161890872925397
90.6257466021109,2.5617536364227647
108.93241121130781,-7.9809591102326465
104.74113601529278,-3.876365589386225
83.78476003521766,2.191584839823733
57.93856299312499,20.216545220966893
97.74794499023729,2.4493662757449073
95.32764541662904,-3.678340529770196
90.48704626941257,0.95321018946089
83.22614754858785,-3.6838174960080607
68.30096684467037,-1.0018151294378015
94.37997912130409,9.814604581920534
90.18870392528906,-10.901380144443891
81.80615353325902,3.2457477518883735
69.23232794521394,4.722775134597683
43.38613090312128,-6.4704860811792955
87.70981721395948,7.9821026169001215
85.28951764035124,-10.051778859308882
80.44891849313477,-2.3268058295945053
73.18801977231003,-1.3673617302748653
58.26283906839256,-1.5510569319210674
101.90176217599115,9.231883072925342
99.4814626023829,-6.498977241846106
87.37996473434171,4.970754348012008
72.45478403042424,-1.4637740937947967
97.79215119559251,-2.487056498346874
95.37185162198426,3.7226611573033352
90.5312524747678,1.1410587441872195
83.27035375394307,-4.959724857817093
68.3451730500256,5.634169421361236
107.40972524631131,4.699069770119408
103.21845005029628,-1.064816635254843
94.83589965826624,1.027584905254514
82.26207407022113,-2.8090713423613494
101.60794129176254,-4.165762084837098
99.1876417181543,-5.723942293359698
94.34704257093783,-6.524706379679458
87.08614385011312,2.974719066615407
72.16096314619564,9.272885483319058
91.55718952372284,-0.07699948834695647
89.1368899501146,-3.879326678647473
84.29629080289813,2.3530379841804887
62.11021137815592,-1.5711769677443286
101.00290505503345,-10.845492383279591
96.81162985901842,2.782782691526691
88.42907946698838,-6.202283023023156
75.85525387894329,13.86972094334645
101.367938993151,5.487608097283527
98.94763941954275,6.758089312421163
94.10704027232629,2.027288463071571
86.84614155150155,-8.079292822008853
71.92096084758407,-2.6122696014901123
97.09702144830557,-5.121754824562927
94.67672187469732,-7.1518239170180635
89.83612272748086,-1.5662525400145597
82.57522400665614,4.372828586615682
67.65004330273867,6.709968323001675
113.56052611831599,-6.990663912401345
111.14022654470774,-3.908775967377821
106.29962739749128,5.834678936731407
84.11354797274906,6.034498543909066
106.43143649027144,1.04778447706488
104.01113691666319,-1.8087884745813483
99.17053776944672,6.55804052980271
91.90963904862198,2.4544833645554576
95.62252084134424,1.8019618228037615
93.202221267736,-15.22171263008373
88.36162212051953,1.8311929375509948
81.10072339969481,5.330484619299838
99.35097686068731,-1.1079442667363537
96.93067728707906,-0.06754505081536877
92.0900781398626,6.613571827751301
84.82917941903787,0.8680875008794544
69.9039987151204,-6.175223830129809
99.46476121957754,1.0701989168860564
95.27348602356251,12.872738251239326
86.89093563153247,1.6316623120577702
74.3171100434874,-5.033535036834607
48.47091300139474,-8.174569853375942
118.4852714229812,1.8413517894862963
114.29399622696617,-0.923390109370331
105.91144583493613,-1.8430689800894697
67.49142320479838,5.468465447180407
76.20568531424661,0.4444385049909698
72.01441011823158,-1.4081449028492443
63.63185972620154,-0.7699225882251781
51.058034138156444,-3.9768900502155873
25.211837096063785,-3.798119816196291
97.19848440278665,-1.8746633170393636
93.00720920677162,3.800581591502734
84.62465881474158,9.23145831594222
72.05083322669648,-10.63943234211672
91.95423319192139,4.125361402522529
84.69333447109668,7.561863309547903
77.43243575027195,-4.510449582342105
62.50725504635447,-4.738151133209755
87.21863192070643,-3.6347427124733116
84.79833234709818,1.598300059639982
79.95773319988172,-6.93863620869935
72.696834479057,1.52736001892265
57.77165377513953,4.3575854593959775
119.33290845208654,-3.862482807150286
116.9126088784783,1.8247561835164277
112.07200973126183,2.7991843768444937
89.88593030651961,14.036609466697229
99.0124848740062,-6.494137766370002
94.82120967799118,7.843280585268943
86.43865928596114,-2.6571528905816706
73.86483369791605,2.829391978053394
97.20040718304395,4.17038619315349
94.7801076094357,4.597350657566338
89.93950846221924,-3.827959408725036
82.67860974139451,-1.1799306360434514
67.75342903747703,-3.453297354652591
95.99775311468294,2.3703699255806185
91.80647791866791,-3.545027073946926
83.42392752663787,-5.718742617351737
70.85010193859279,-0.8625082127442454
45.00390489650012,4.669190945368214
102.2637014329414,12.188146555021277
98.07242623692638,8.237040081552422
89.68987584489633,4.048133572487004
77.11605025685127,-0.07719934139444717
51.269853214758605,-25.18492434366107
106.65989091764331,4.9852498218899655
102.46861572162828,-2.800948953377116
94.08606532959824,0.7827142903062594
55.66604269946049,6.24276060423292
112.86816618277032,-1.7801589857127027
110.44786660916208,-1.7392569367713833
105.60726746194561,4.885102935900264
98.3463687411209,-1.5431008650219553
83.42118803720342,5.859668383344683
107.71703145591884,-2.382667351024807
103.52575625990382,-2.0849527500334943
82.56938027982869,7.013152561568546
56.72318323773603,7.30497319703948
100.25533842817555,-4.855223449087873
97.8350388545673,-8.648547199049844
92.99443970735084,-0.7033905562119287
85.73354098652611,7.967140842857091
70.80836028260863,6.07765911850052
115.81533758403874,-4.160539509612377
108.55443886321403,6.731619809225549
101.2935401423893,4.609241788490976
98.95480613482015,6.997425619069617
94.76353093880512,3.427577265673179
86.38098054677508,-1.4953161619162074
73.80715495873,0.04864623269051549
47.96095791663733,-7.304475481954192
106.27365743103758,6.007154473613525
102.08238223502255,-0.6546332315885905
93.69983184299251,1.1386604770611086
55.27980921285476,0.07412830582899943
85.86688719424359,-0.4388304054051275
81.67561199822856,-7.1416519833728955
73.29306160619852,-0.38903330476296105
60.71923601815344,1.3834189056661756
34.87303897606077,-0.49341710377086656
108.14731021632676,-3.821644099558654
103.95603502031173,2.0134853167379134
95.57348462828169,4.713313384962987
82.99965904023661,-1.7891722241439965
57.15346199814395,0.6313261309648439
97.1192578923368,-3.4840783519886998
94.69895831872856,5.686805400506827
89.85835917151209,-2.924083792905492
82.59746045068736,-1.3634692852855892
67.67227974676989,-4.7741292016355175
105.06084151969895,0.5425214449978455
100.86956632368393,2.1447566942196943
92.48701593165389,-5.820150058801815
79.91319034360879,-3.8762093388360057
104.90782197369003,-0.8497932950920699
100.716546777675,6.2688783099179375
92.33399638564497,5.736608579492909
79.76017079759986,-2.80120935177591
53.9139737555072,-8.26905812353612
96.20678363016061,-5.22112159324935
92.01550843414559,0.16789847986856898
83.63295804211555,-4.1455228395251424
71.05913245407046,0.6604922861016007
45.2129354119778,7.124470493621608
105.05886497686826,-0.6933270535469092
102.63856540326002,-1.3170777828678553
97.79796625604355,2.461545361827163
90.53706753521882,1.95955730434234
75.61188683130135,-1.7401913858736577
104.00855474067272,-1.7476134893368283
101.58825516706447,8.843240304154719
96.74765601984801,-1.6536449407860516
89.48675729902327,-6.715110663326939
104.98785901570545,13.92013388574263
102.5675594420972,-0.3116366114668523
97.72696029488074,-6.204150382091626
90.466061574056,0.9829311130140184
76.59591895179616,0.37974925257294956
74.17561937818792,1.5753305121827879
69.33502023097145,-6.25541410361339
62.07412151014672,-8.736587728024425
90.98804303341858,-0.22866467790795753
86.79676783740355,-2.642261923798543
78.41421744537351,8.744518536788831
65.84039185732841,0.7152193893952727
39.99419481523578,-6.491837647621075
104.22376326664453,-3.4135219194599244
101.80346369303628,2.127192930752443
96.96286454581981,-0.16931021569001814
107.3334467624918,-0.761220819605569
104.91314718888356,17.70699665275177
100.07254804166709,-7.810985761934646
77.8864686169249,-0.8897221981553685
114.7001496447321,1.3392594070056703
110.50887444871707,1.592189660500992
102.12632405668703,-1.2547429649691821
89.55249846864193,2.1444719507035472
63.706301426549274,1.620954860359646
100.04833904787414,-2.085351006490299
95.85706385185911,3.2867778984478946
87.47451345982907,-4.219630207546544
74.90068787178397,-0.45731726572539344
49.05449082969132,5.562909579563701
99.65535314249178,-4.7745054072738355
95.46407794647675,5.712142743852851
87.08152755444671,-3.432407543906905
90.77348335431932,-3.1437389921481156
86.5822081583043,-2.160709849950834
78.19965776627426,-1.9721223153959784
65.62583217822915,6.6783250678516595
39.77963513613649,1.2140532703579225
89.5918092241583,4.5250242656660475
87.17150965055005,0.2876537345995587
82.33091050333358,6.806074587999703
75.07001178250887,-0.7530567279263494
60.144831078591395,-12.629302425139628
104.32632212522783,-8.364312391797512
100.1350469292128,5.292846807877908
79.17867094913768,-1.557917606967365
53.33247390704501,9.212187458264104
100.44421096214383,-10.815949650073847
96.2529357661288,-5.581082233841556
87.87038537409876,7.550594818146237
75.29655978605365,7.675289693687304
49.45036274396099,4.045935410426878
96.2945546717369,-5.2968962543243805
92.10327947572188,-8.11614966285508
83.72072908369184,7.391843612557565
71.14690349564675,6.477107072521136
45.300706453554085,3.412528005878059
110.77870662706101,-5.8668843878478185
106.58743143104599,-7.712541320855863
98.20488103901594,-0.9493167107984419
85.63105545097086,14.813653390326337
59.78485840887821,8.194851708362208
94.56048200528195,-0.4693619962511377
92.14018243167371,1.8899892467624966
87.29958328445724,-5.741448622403254
80.03868456363251,1.5432358004346725
65.11350385971504,-1.4219357671686055
94.93756946681287,-2.1412914474345683
92.51726989320463,-4.134072887806113
80.41577202516343,2.5779785280808625
65.49059132124596,1.6790060617487512
93.12198607706101,4.755465107778477
88.93071088104598,0.45677401212286384
80.54816048901594,-3.23192384059827
67.97433490097086,1.9138746974702343
42.12813785887818,-8.312169621079718
87.60578363586983,3.462005882901849
83.4145084398548,5.514802415942711
75.03195804782476,1.2846114912068032
62.45813245977968,-5.6979265968850825
36.61193541768701,-12.062082526699733
103.644238186471,4.373805703413623
99.45296299045597,0.4349847498668282
91.07041259842592,-1.5918137729679955
78.49658701038084,-10.651643567796867
104.15913621090603,6.78980860141867
101.73883663729778,1.1326546752592606
96.89823749008131,-2.484197839945452
89.63733876925659,1.1833517709389554
74.71215806533911,-5.428345989474636
98.36831684527287,0.8595973240211663
94.17704164925784,4.649135538169261
85.7944912572278,-6.190945169899919
73.2206656691827,-3.9080536367003305
47.37446862709004,-4.292826835850008
85.18434379454227,-6.684001631556299
80.99306859852724,2.5669162258875673
72.6105182064972,-2.155665578574755
60.03669261845213,14.287134403816786
34.190495576359474,-14.370564857267073
93.27486086170968,-9.408845983446412
89.08358566569466,2.5660281138675884
80.70103527366462,8.712905856870776
68.1272096856195,0.4752304372196505
42.28101264352685,-5.337411304064339
90.84936103949417,-4.927147991852962
88.42906146588592,-4.538291551438334
83.58846231866946,-1.4325247570580188
76.32756359784473,7.227248140859544
115.05826624984459,5.20991463339297
110.86699105382957,-13.911574899278406
102.48444066179952,4.042583491813957
89.91061507375443,6.775683074839478
64.06441803166177,4.2751692739443
118.61787292246557,-6.68286739168137
116.19757334885732,-1.6244948992195987
111.35697420164085,8.509777667187905
104.09607548081611,-0.7359316799994104
89.17089477689863,11.39346608474365
91.59433334807835,-2.8656243781242807
79.02050776003328,8.432798904238652
66.4466821719882,-7.333809061291255
40.60048512989554,-3.5581849352482564
101.90833317164982,-0.6431426487180545
89.33450758360475,-3.8995311191533943
76.76068199555965,-3.951850014234381
50.91448495346699,5.534806625610507
89.2877871190395,1.0564740452618508
85.09651192302448,-1.571778483097333
76.71396153099444,-5.267792874749773
38.29393890085669,3.4424108286377475
107.57090359013841,-7.97463835385561
103.37962839412339,-1.9924324819295265
94.99707800209335,7.46293468815098
82.42325241404824,-5.679974043870715
56.57705537195558,15.353738385710443
95.01139949643989,6.916794035546005
92.59109992283165,5.194116007759035
87.75050077561518,-0.7146771285223821
80.48960205479045,-6.903059933907102
65.56442135087298,-7.4853452173768105
87.46656247720085,-2.3525416779125834
85.0462629035926,2.5781986520804594
80.20566375637614,-5.401744153547526
58.01958433163395,3.1868833698657824
103.29655768614329,-4.985244255293665
99.10528249012826,-0.6450522252548581
90.72273209809822,-2.104391115980377
78.14890651005314,7.697507341211804
122.71626612510912,13.054165613089964
118.52499092909409,0.5495627125007871
110.14244053706405,-3.053503231301491
97.56861494901895,-2.9787587166350136
100.41772092371724,-5.3022895961562995
96.22644572770221,-1.1803985232482574
87.84389533567217,6.3327733982469425
75.2700697476271,-7.236947711428655
102.99438550824232,3.790244052008603
100.57408593463407,8.718364711383927
95.7334867874176,-0.347757684079383
88.47258806659289,-4.356024506681393
73.54740736267541,-7.10223887557477
92.82257709138527,0.06262236226699258
88.63130189537024,2.8170111647441587
80.2487515033402,-3.5304810083636653
67.67492591529512,-4.269711692774109
85.6054548245586,4.4383629518333265
81.41417962854358,2.4606673732505726
60.45780364846844,-1.7480985469141785
34.61160660637577,-20.025359361721765
110.20224606849186,0.9989608605195457
106.01097087247683,0.856370845450229
97.62842048044679,-5.441915956908119
85.05459489240171,-1.0685426744329476
59.20839785030904,10.69406099846698
103.27459680676148,-3.6992068947953953
99.08332161074645,3.972489828769781
90.70077121871641,3.7090605426969887
78.12694563067133,2.7789412342941233
52.28074858857866,-6.36131794114484
95.23881514291871,-4.131141753502277
91.04753994690368,-3.674118757391213
82.66498955487364,-5.0269664645502985
70.09116396682857,2.5063662797376765
44.2449669247359,5.01341169048824
95.47629433961276,-7.098550033988445
91.28501914359774,1.1316020443351675
82.9024687515677,2.928209870189008
70.32864316352261,-1.8670486583242933
90.69410284574997,-1.6212461807489547
86.50282764973494,6.576007276943145
78.1202772577049,4.537970452037143
65.5464516696598,1.5755286847877983
39.70025462756715,-13.127718687151798
108.04376026795141,1.093475129031745
105.62346069434317,-5.2766844232407095
100.7828615471267,5.859527443179843
93.52196282630197,1.6211531317489118
78.5967821223845,4.3605583320237855
97.68436513804694,-0.21954434104286236
95.2640655644387,11.066547782833325
90.42346641722223,-0.3982862099470026
83.1625676963975,-0.8319962673977273
68.23738699248003,-7.723627917280808
100.67891841276787,1.297557598042232
96.48764321675284,-0.5006251954642806
88.1050928247228,7.650667797385964
75.5312672366777,1.8352514451394057
49.68507019458505,-11.503933003944667
107.39074341117255,-1.5281644841317927
103.19946821515752,5.166650915590438
94.81691782312748,-1.4125185512917966
82.24309223508241,2.255543476818602
56.396895192989746,2.6872721576490264
111.2000787267382,7.160271748757523
107.00880353072317,1.1749781887378248
98.62625313869313,0.09124285944203336
60.20623050855539,-7.366738034745971
85.97158615930876,9.30525519612705
78.71068743848404,5.288739655360729
71.44978871765932,-13.634075313034842
56.52460801374184,-10.599492033532613
97.4243629987445,-6.219312353575106
93.23308780272947,6.8395062861474685
84.85053741069943,-2.785373886229479
72.27671182265436,-4.599827592483294
46.430514780561694,0.08979748442953195
102.80957510800579,3.489309880843365
100.38927553439754,-0.5749824990963077
95.54867638718108,-2.316406996320282
88.28777766635635,-0.248394181212106
73.36259696243887,0.3563074858111577
97.814062852632,-6.556363506791342
95.39376327902376,5.4254802317975646
90.55316413180729,-3.080738840907756
83.29226541098257,9.506822821205319
99.3641665991953,1.2400968750030614
95.17289140318027,-3.572967758217146
86.79034101115023,-1.4405262120460236
74.21651542310514,-4.144739604303481
48.37031838101248,3.4436263000526353
109.48619329235873,-2.0443354690417124
107.06589371875049,0.0495108370319457
102.22529457153402,-3.360283739901064
94.96439585070928,0.3547658004279981
80.0392151467918,5.360053912039874
97.36905531883052,-1.2402011752273125
93.17778012281549,3.5103334276593046
84.79522973078545,-6.0153277148291835
72.22140414274038,-5.936303747235755
91.0713598148962,6.649885270085278
86.88008461888117,-1.8085247410995464
78.49753422685113,2.2791634857368734
65.92370863880603,-11.06160983743419
105.79535307193159,-2.3543074654084677
101.60407787591656,6.267308405272956
93.22152748388652,1.7458081899864766
111.51677910013557,7.061695325067319
109.09647952652732,-11.37480731671316
104.25588037931085,3.7219033984985117
96.99498165848613,4.793174888403229
82.06980095456865,4.784343307976599
95.22051229954909,-2.2434987185983317
91.02923710353406,4.827825620068722
82.64668671150402,-1.3522597597765298
70.07286112345892,6.3387984439205525
44.226664081366245,-8.165413476468906
75.30826567252325,4.8785466406799
71.11699047650822,10.511479092259904
62.73444008447817,0.38927543495985617
50.16061449643309,-12.085456323556585
24.314417454340422,-18.319977579596724
84.14336878585554,6.773590088950456
79.95209358984052,7.698421141811167
71.56954319781048,-2.4690089753973723
58.99571760976541,-10.313171600897405
33.14952056767274,-9.87704056028354
116.54423557849819,-2.7119035293501668
112.35296038248316,-4.92917086735028
103.97040999045312,-4.777005993849897
91.39658440240802,16.320726132554014
65.55038736031536,4.6764654911369945
108.64952089858129,2.461026460917438
106.22922132497304,-4.629942905357126
79.20254275301436,5.78395731238048
103.31146433398405,-1.851779123912209
99.12018913796902,-2.789166446500616
90.73763874593898,5.449464204795575
78.16381315789388,-1.143628506130952
95.19498111930538,-1.958456278034859
91.00370592329035,-1.1276116382906451
82.62115553126031,-4.026413476302025
44.20113290112256,2.4336176961173805
91.84835988928864,-1.4681245742037703
89.4280603156804,8.548788528755168
84.58746116846393,-2.4606793978424832
77.3265624476392,-5.618480463447341
62.40138174372173,-1.1153930799298735
96.83313152608123,2.681099087462769
92.6418563300662,5.4540028422710805
84.25930593803616,7.80913778580171
71.68548034999108,-4.2921963768393425
45.83928330789841,-15.618306229799963
104.7001441079916,-3.3476202913944917
100.50886891197658,-4.575445813952541
92.12631851994654,6.246804160302204
79.55249293190144,0.8505728607909191
101.72557824516338,5.232670628860504
99.30527867155513,-1.4559651984355355
94.46467952433866,-2.1765060774567644
87.20378080351394,-2.941208830427783
72.27860009959646,1.555723309976429
90.2793547043597,4.34340298156674
87.85905513075146,-3.372750210807183
83.01845598353499,-1.3551229662432718
124.13410349561178,1.7600014294674367
121.71380392200354,1.2991431626772254
116.87320477478707,8.323996204825207
109.61230605396234,-1.324981944699104
94.68712535004487,-1.0468658740219894
110.42099020783968,-1.0845942320893442
108.00069063423143,-0.9040642851905147
103.16009148701497,10.804145927579313
96.64259627244208,2.8043668631083563
94.22229669883383,1.4006300062220447
89.38169755161736,2.7109231850152327
82.12079883079262,-0.9669070610316481
67.19561812687515,-5.345254337508891
90.29462080693683,11.019500016704725
87.87432123332859,-1.3006645377444954
83.03372208611212,-2.0088818957678
75.77282336528738,0.6249919270922106
60.8476426613699,-9.893948346150793
